Kd_Kel.,Kd_Barang,Keterangan,Ukuran,minimum,Satuan,Ekuivalen,Qty,Harga_Jual
K001,HL001,"Hot Lid Paper Cup 8 oz type ""B"" ",8 Oz,1,Dus,20 pack,1.000 Pcs,249.75
K001,HL002,"Hot Lid Paper Cup 12 /16 oz type ""B""",12/16 Oz,1,Dus,20 pack,1.000 Pcs,324
K001,HL003,"Hot Lid paper cup 8 oz type ""A""",8 Oz,1,Dus,20 pack,1.000 Pcs,286.8
K001,HL004,"Hot Lid paper cup 12 / 16 oz type ""A""",12/16 Oz,1,Dus,20 pack,1.000 Pcs,372
K001,HL005,"Hot Lid Paper Cup 8 oz type ""C""",8 Oz,1,Dus,20 pack,1.000 Pcs,249.75
K001,HL006,"Hot Lid Paper Cup 8 oz type ""D""",8 Oz,1,Dus,20 pack,1.000 Pcs,249.75
K001,HL009,"Hot Lid Paper Cup 8 oz type ""E""",8 Oz,1,Dus,20 pack,1.000 Pcs,249.75
K001,HL010,Hot Lid Paper Cup 8 oz Model Kancing @ 1.000 pcs / Dus. Hitam,8 Oz,1,Dus,20 pack,1.000 Pcs,260
K001,HL011,Hot Lid Paper Cup 12 / 16 oz Model Kancing @ 1.000 pcs / Dus. Hitam,12 / 16 Oz,1,Dus,20 pack,1.000 Pcs,330
K001,HL014,Hot Lid Paper Cup 12 / 16 oz Model Kancing @ 1.000 pcs / Dus. Putih,12 / 16 Oz,1,Dus,20 pack,1.000 Pcs,330
K001,HL007,Hot Lid Cup 6.5 Oz Hitam @ 1.000 pcs / Dus,6.5 Oz,1,Dus,20 pack,1.000 Pcs,192
K001,HL008,Hot Lid Cup 9 Oz Hitam @ 1.000 pcs / Dus Model Kancing,9 Oz,1,Dus,20 pack,1.000 Pcs,204
K001,HL012,Hot Lid Paper Cup Plain 4 Oz. Warna Hitam @ 2.000 Pcs / Dus ( Kecil ),4 Oz,1,Dus,,2.000 Pcs,380
K001,HL020,Hot Lid Paper Cup 8 oz Model Kancing @ 1.000 pcs / Dus. Putih,8 Oz,1,Dus,20 Pack,1.000 Pcs,260
K001,HL021,Lid Hot Paper Cup 8 Oz kancing(2) @ 1000 pcs/Dus.Hitam,8 Oz,1,Dus,,1000 Pcs,260
K001,HL022,Lid Hot Paper Cup 8 Oz kancing(3) @ 1000 pcs/Dus.Hitam,8 Oz,1,Dus,,1000 Pcs,266
K001,HL023,Lid Hot Paper Cup 8 Oz kancing(3) @ 1000 pcs/Dus.Putih,8 Oz,1,Dus,,1000 Pcs,266
K001,HL026,Lid Hot Paper Cup 8 Oz (S2) Hitam @1000 Pcs/Dus,8 Oz,1,Dus,,1000 Pcs,260
K001,HL013,Lid Hot Paper Cup 6.5 Oz model flip.Htm @1000Pcs/Dus,6.5 Oz,1,Dus,,1000 Pcs,212
K001,HL015,Hot Lid Cup 6.5 Oz Putih @ 1.000 pcs / Dus,6.5 Oz,1,Dus,20 pack,1.000 Pcs,185
,,,,,,,,
K001,HP005,Hot Paper Cup Generic 6.5 Oz Motif Coffee Break,6.5 Oz,1,Dus,20 pack,1.000 Pcs,317
K001,HP006,Hot Paper Cup Generic 6.5 Oz Motif Premium Coffee ,6.5 Oz,1,Dus,20 pack,1.000 Pcs,317
K001,HP007,Hot Paper Cup Generic 6.5 Oz Motif Mr Coffee ,6.5 Oz,1,Dus,20 pack,1.000 Pcs,317
K001,HP008,Hot Paper Cup Generic 6.5 Oz Motif I Love Coffee ,6.5 Oz,1,Dus,20 pack,1.000 Pcs,317
K001,HP009,Hot Paper Cup Generic 9 Oz Motif Coffee Break,9 Oz,1,Dus,20 pack,1.000 Pcs,323
K001,HP010,Hot Paper Cup Generic 9 Oz Motif I Love Coffee,9 Oz,1,Dus,20 pack,1.000 Pcs,323
K001,HP042,Hot Paper Cup 6.5 Oz Generic Motif Mix @1.000 Pcs,6.5,1,Dus,,1.000 Pcs,317
,,,,,,,,
K001,HP012,Sleeve Hot Paper Cup 8 Oz @ 1.000 Pcs / Dus,,1,Dus,,1.000 Pcs,215
K001,HP013,Hot Paper cup Plain 6.5 Oz(new) @1000Pcs/Dus,,1,Dus,,1000 Pcs,335
K001,HP018,Hot Paper Cup Plain 4 oz @ 1.000 pcs / Dus ( Kecil ),4 Oz,1,Dus,,1.000 Pcs,303.5
K001,HP019,Hot Paper Cup Plain 4 oz @ 1.000 pcs / Dus ( Besar ),4 Oz,1,Dus,20 pack,1.000 Pcs,303.5
K001,HP020,Hot Paper Cup Plain 6.5 oz @ 1.000 Pcs / Dus,6.5 Oz,1,Dus,20 pack,1.000 Pcs,314
K001,HP021,Hot Paper Cup Plain 8 oz @ 1.000 pcs / Dus. ( Besar ),8 Oz,1,Dus,20 pack,1.000 Pcs,350
K001,HP022,Hot paper cup Htm 8 Oz (BSM) New @1000Pcs/Dus,8 Oz,1,Dus,,1.000 Pcs,405
K001,HP025,Hot Paper Cup Plain 8 oz @ 1.000 pcs / Dus. ( Kecil ),8 Oz,1,Dus,20 pack,1.000 Pcs,336
K001,HP026,Hot Paper Cup Hitam 8 oz @ 1.000 pcs / Dus. ( Hitam ),8 Oz,1,Dus,20 pack,1.000 Pcs,369.6
K001,HP028,Hot Paper Cup Hitam 6.5 oz @ 1.000 pcs / Dus. ( Hitam ),6.5 Oz,1,Dus,20 pack,1.000 Pcs,306
K001,HP023,Hot Paper Cup Plain 12 oz @ 1.000 pcs / Dus ( Besar ),12 Oz,1,Dus,20 pack,1.000 Pcs,520
K001,HP027,Hot Paper Cup Plain 12 oz @ 1.000 pcs / Dus ( Kecil ),12 Oz,1,Dus,20 pack,1.000 Pcs,498
K001,HP024,Hot Paper Cup Plain 9 oz @ 1.000 pcs / Dus,9 Oz,1,Dus,20 pack,1.000 Pcs,317
K001,HP029,Hot Paper Cup Plain 8 Oz (BSM New) @ 1.000 Pcs / Dus,8 Oz,1,Dus,,1.000 Pcs,362
K001,HP036,Hot Paper Cup Plain 8 Oz (kotak polos) @1.000 Pcs / Dus,8 Oz,1,Dus,,1.000 Pcs,362
K001,HP037,Hot Paper Cup Plain 8oz (DW) @ 500 Pcs / Dus,8oz,1,Dus,,500 Pcs,335
K001,HP038,Hot Paper Cup Hitam 8oz (DW) @ 500 Pcs / Dus,8oz,1,Dus,,500 Pcs,455
,,,,,,,,
K001,HP030,Hot Paper Cup Generic 8 Oz. Motif Coffee Break,8 Oz,1,Dus,20 pack,1.000 Pcs,365
K001,HP031,Hot Paper Cup Generic 8 Oz. Motif Premium Coffee ,8 Oz,1,Dus,20 pack,1.000 Pcs,365
K001,HP032,Hot Paper Cup Generic 8 Oz. Motif I Love Coffee ,8 Oz,1,Dus,20 pack,1.000 Pcs,365
K001,HP033,Hot Paper Cup Generic 8 Oz. Motif Mr. Coffee ,8 Oz,1,Dus,20 pack,1.000 Pcs,365
K001,HP034,Hot Paper Cup Generic 9 Oz. Motif Premium Coffee ,9 Oz,1,Dus,20 pack,1.000 Pcs,323
K001,HP035,Hot Paper Cup Generic 9 Oz. Motif Mr. Coffee ,9 Oz,1,Dus,20 pack,1.000 Pcs,323
K001,HP043,Hot Paper Cup Generic 8 Oz Motif Mix @1.000 Pcs,8 Oz,1,Dus,,1.000 Pcs,365
,,,,,,,,
K001,HP040,Hot Paper Cup Full Kraft 8 oz @ 1.000Pcs/Dus,8 Oz,1,Dus,,1.000 Pcs,499
K001,HP041,Hot Paper Cup Putih Lapis Kraft 8 oz @ 1.000Pcs/Dus,8 Oz,1,Dus,,1.000 Pcs,565.9
K001,HP044,Hot Paper Cup Kraft 8 oz  Double Wall @ 500Pcs/Dus,8 Oz,1,Dus,,500 Pcs,368
,,,,,,,,
K007,KS001,Kertas Nasi GM (25 x 27 CM) @ 5000pcs/ Dus,,1,Dus,1 pack,5000 Pcs,"459113"
K007,KS002,Kertas mg/Kertas KFC Gbr Hijau (22.5 x 27 CM) @ 5000pcs/ Dus,,1,Dus,1 pack,5000 Pcs,770
K007,KS003,Kertas mg/Kertas KFC Gbr Hitam (22.5 x 27 CM) @ 5000pcs/ Dus,,1,Dus,1 pack,5000 Pcs,770
K007,KS004,Kertas mg/Kertas KFC Gbr Merah (22.5 x 27 CM) @ 5000pcs/ Dus,,1,Dus,1 pack,5000 Pcs,770
,,,,,,,,
K002,CP029,Cup Plain ice cream 2 oz @ 1.000 pcs / Dus,2 Oz,1,Dus,20 pack,1.000 Pcs,345
K002,CP030,Cup Plain ice cream 4 oz @ 1.000 pcs / Dus,4 Oz,1,Dus,20 pack,1.000 Pcs,375
K002,CP031,Cup Plain Ice Cream 5 oz @ 1.000 pcs / Dus,5 Oz,1,Dus,20 pack,1.000 Pcs,445
K002,CP040,Lid Injection Ice Cream 5 Oz @ 1.000 pcs / Dus Coklat Gold,5 Oz,1,Dus,20 pack,1.000 Pcs,800
K002,CP042,Lid Injection Ice Cream 4 oz warna Coklat Gold 1.000 pcs / Dus,4 Oz,1,Dus,20 pack,1.000 Pcs,650
K002,CP043,Lid Pet ice cream 2.4.6 oz,4 Oz,1,Dus,10 pack,,190
K002,CP044,Lid PET Cup Ice Cream 5 oz,5 Oz,1,Dus,10 pack,,200
K002,CP045,Lid Injection Ice Cream/Hijau 2.4.6 oz @ 1.000 pcs / Dus,4 Oz,1,Dus,20 pack,1.000 Pcs,650
,,,,,,,,
K002,CP046,Lid Inject Hitam+stopper merah,,,,,,
K002,CP047,Lid Inject Nat+stopper Merah,,,,,,
K002,CP048,Lid Inject Nat+stopper Putih,,,,,,
K002,CP049,Lid Inject Nat+stopper Natural,,,,,,
K002,CP050,Lid Inject Hitam+stopper Natural,,,,,,
,,,,,,,,
K004,BT001,Botol Kalle 250 ml @ 252 Pcs / Dus,250 Ml,1,Dus,252 Pcs,252 Pcs,585.144
K004,BT002,Botol kalle 500 ml @ 126 Pcs / Dus,500 Ml,1,Dus,126 Pcs,126 Pcs,424.62
K004,BT004,Botol Kalle 1.000 ml @ 204 Pcs / Dus,1000 Ml,1,Dus,204 Pcs,204 Pcs,1053.456
K004,BT005,Botol Kalle Ceria 250 ml @300 Pcs / Dus,250 Ml,1,Dus,300 Pcs,300 Pcs,576.6
K004,BT006,Botol Kalle Ceria  Eco 250 ml @ 100 pcs / Ball,250 Ml,1,Ball,100 Pcs,100 Pcs,164.403
K004,BT008,Botol Kalle 1.000 ml @ 100 Pcs / Dus,1000 Ml,1,Dus,100 Pcs,100 Pcs,516.4
K004,BT009,Botol Kalle 250 ml ( 27 gr ) @ 50 Pcs / Ball,250 Ml,1,Ball,50 Pcs,50 Pcs,111.1
K004,BT010,Botol SN 30. 500 ml @ 60 Pcs / Ball,500 Ml,1,Ball,60 Pcs,60 Pcs,46.66
K004,BT011,Botol Kalle 250 ml. Tebal New (26-27gr) @ 400 Pcs ,250 Ml,1,Dus,400 Pcs,400 Pcs,680
K004,BTE01,Botol Kalle Ekonomis 250 ml @ 300 Pcs / Dus,250 ml,1,Dus,300 Pcs,300 Pcs,636.6
K004,BTE02,Botol Kalle Ekonomis 250 ml @ 214 Pcs / Dus,250 ml,1,Dus,214 Pcs,214 Pcs,454.108
K004,BKK01,Botol KK Square 250 ml @252 Pcs / Dus,250 ml,1,Dus,252 Pcs,252 Pcs,"585144"
K004,BKS01,Botol Kalle Square 250 ml @ 252 Pcs / Dus,250 ml,1,Dus,252 Pcs,252 Pcs,585.144
K004,BKS02,Botol Kalle Square 500 ml @ 126 Pcs / Dus,500 ml,1,Dus,126 Pcs,126 Pcs,424.62
K004,BKS03,Botol Kick Square 1.000 ml @ 208 Pcs / Dus,1000 ml,1,Dus,208 Pcs,208 Pcs,1.074027
K004,BKS04,Botol Kasta ( KS ) 250 ml @ 100 Pcs / Ball,250 ml,1,Ball,100 Pcs,100 Pcs,105
K004,BKS05,Botol Kalle Square 250 ml @ 300 Pcs / Dus,250 ml,1,Dus,300 Pcs,300 Pcs,696.6
K004,BKS06,Botol Kalle Square 250 ml @ 180 Pcs / Dus,250 ml,1,Dus,180 Pcs,180 Pcs,417.96
K004,BKS07,Botol Kick Square 500 ml @ 126 Pcs / Dus,500 Ml,1,Dus,126 Pcs,126 Pcs,424.62
K004,BLN01,Botol Leon 200 ml @ 336 Pcs / Dus,200 ml,1,Dus,336 Pcs,336 Pcs,655.2
K004,BLN02,Botol 500 ml (LN 30) New @91 Pcs/ball,500 ml,1,Ball,91 Pcs,,95.55
K004,BLN03,Botol 200 Leon @294 Pcs/Dus,200 ml,1,Dus,294 Pcs,294 Pcs,573.3
K004,BC002,Botol Cimory 250 ml @ 100 Pcs / Ball,250 ml,1,Ball,100 Pcs,100 Pcs,111.9
K004,BC003,Botol Cikita Ekonomis ( CK ) 250 ml @ 90 Pcs / Ball,250 ml,1,Ball,90 Pcs,90 Pcs,94.5
K004,BC004,Botol Cimory Tall 250 ml @ 100 Pcs / Ball,250 ml,1,Ball,100 Pcs,100 Pcs,111.9
K004,BC005,Botol Cimory 250 ml @ 104 Pcs / Ball,250 ml,1,Ball,104 Pcs,104 Pcs,116.376
K004,BL002,Botol Liebe 250 ml @ 216 pcs / Dus,250 ml,1,Dus,216 Pcs,216 Pcs,501.552
K004,BVL01,Botol Valensia ( VL )350 ml @ 165 pcs / dus. ( Tutup Hijau ),350 ml,1,Dus,165 pcs,165 Pcs,425822.00
K004,BVL02,Botol Valensia ( VL ) Pendek 350 ml @ 176 Pcs / Ikat,350 Ml,1,Ikat,176 Pcs,176 Pcs,473440.00
K004,BHS02,Botol Hand Soap ( HS01 ) 500 ml @ 113 Pcs / Dus,500 ml,1,Dus,113 Pcs,113 Pcs,470984.00
K004,BCK01,Botol cantik 350 ml (SN 30) @77pcs/ball,350 ml,1,Ball,77 pcs,,135520.00
K004,BVL03,Botol Valensia (VL) Pendek 350 ml @131 pcs/Dus,350 ml,1,Ball,131 pcs,,338200.00
K004,BTP01,Botol PET VL pendek 350ml @240 pcs/Dus,350 ml,1,Dus,240 pcs,240 Pcs,619440.00
K004,BTP02,Botol PET VL Pendek 350 ml @ 216 pcs/dus,350 ml,1,0,0,0,557496.00
K004,BKC25,Botol Kecap 275ml @99pcs/Ball (tutup Merah),275 ml,1,Ball,99 pcs,,163350.00
K004,BYC01,Botol YoCool 250 ml @ 264 Pcs / Dus,250 ml,1,Dus,264 Pcs,264 Pcs,572800.00
,,,,,,,,
K004,BBR01,Botol Boston Round ( BR01 ) 100 ml @ 652 Pcs / Dus,100 Ml,1,Dus,652 pcs,652 Pcs,831952.00
K004,BBR02,Botol Boston Round ( BR02 ) 60 ml @ 980 Pcs / Dus,60 Ml,1,Dus,980 pcs,980 Pcs,822220.00
K004,BBR03,Botol Boston Round ( BR03 ) 27 ml @ 200 Pcs /Bungkus,27 Ml,1,Dus,200 pcs,200 Pcs,153400.00
K004,BBR04,Botol Boston Round 250 ml @ 270 Pcs / Dus,250 Ml,1,Dus,270 pcs,270 Pcs,499770.00
K004,BBR05,Botol Boston Round 100 ml ( BR100 ) @ 1.000 Pcs / Dus,100 Ml,1,Dus,1.000 Pcs,1.000 Pcs,2740000.00
,,,,,,,,
K004,BSC01,Botol Sabun Cair 550 ml @ 72 Pcs / Ball + Tutup Hijau,550 ML,1,Ball,72 Pcs,72 Pcs,87552.00
K004,BGD01,"Botol GD ""A"" 750 ml @ 120 Pcs / Dus + Tutup Hitam",750 ML,1,Dus,120 Pcs,120 Pcs,479160.00
K004,BGD02,"Botol GD ""A"" 1000 ml @ 88 Pcs / Dus + Tutup Hitam",1000 ML,1,Dus,88 Pcs,88 Pcs,369864.00
K004,BGD03,"Botol ""GD"" 250ml @224Pcs/Dus",250 ML,1,Dus,224 Pcs,224 Pcs,"470400.00"
K004,BGD05,"Botol ""GD"" 500ml @117Pcs/Dus",500 ML,1,Dus,117 Pcs,117 Pcs,"362700.00"
,,,,,,,,
K004,BS003,Botol Syrup 750 ML @73 Pcs/Dus,750 ML,1,Dus,73 pcs,,"247762.00"
K004,BS004,Botol Syrup 750 ML @61 Pcs/Dus,750 ML,1,Dus,61 Pcs,61 Pcs,"207034.00"
,,,,,,,,
K004,TM001,Botol Bumbu 150 ml @ 125 pcs / Ball,,1,Ball,125 pcs,125 Pcs,"266875.00"
K004,TM003,Botol Bumbu 270 ml @ 110 pcs / Ball,,1,Ball,110 pcs,110 Pcs,"254320.00"
K004,TM004,Botol Bumbu Square 200 ml @ 96 pcs / Ball,,1,Ball,96 pcs,96 Pcs,"217440.00"
K004,TM008,Botol Bumbu Round 200 ml @ 96 Pcs / Ball,,1,Ball,96 pcs,96 Pcs,"217440.00"
K004,TM010,Botol Bumbu 320 ml @ 77 Pcs / Ball,,1,Ball,77 pcs,77 Pcs,"191268.00"
K004,TM015,Botol Bumbu 140 ml @ 500 Pcs / Dus,,1,Dus,500 Pcs,500 Pcs,"1075500.00"
K004,TM018,Botol Bumbu 340 ml @ 100 Pcs / Ball,,1,Ball,100 Pcs,100 Pcs,"260000.00"
K004,TM019,Botol Bumbu Square 150 ml @ 100 Pcs / Ball,,1,Ball,100 Pcs,100 Pcs,"213500.00"
,,,,,,,,
K004,TM005,Botol Kecap 140 ml @ 400 pcs / Dus ( Tutup Merah ),,1,Dus,400 pcs,400 Pcs,"520000.00"
K004,TM016,Botol Kecap 300 ml @ 111 pcs / Ball ( Tutup Merah ),,1,Ball,111 Pcs,111 Pcs,"185000.00"
K004,TM017,Botol Kecap 625 ml @ 136 pcs / Ball ( Tutup Merah ),,1,Ball,136 Pcs,136 Pcs,"287232.00"
K004,TM002,Botol Kecap 275 ml @99 pcs / Ball,,1,Ball,99 Pcs,99 Pcs,"163350.00"
,,,,,,,,
K004,TM011,Jar Exclusive 250 ml @ 216 Pcs / Dus,,1,Dus,216 Pcs,216 Pcs,"1030752.00"
K004,TM006,Jar Cylinder 600 ml @ 56 Pcs / Ball,,1,Ball,56 pcs,56 Pcs,"228480.00"
K004,TM012,Jar Cylinder 1.000 ml @ 46 Pcs / Ball,,1,Ball,46 Pcs,46 Pcs,"224066.00"
K004,TM013,Jar Cylinder 750 ml @ 56 Pcs / Ball,,1,Ball,56 Pcs,56 Pcs,"236376.00"
K004,TM014,Jar Cylinder 1.300 ml @ 42 Pcs / Ball,,1,Ball,42 Pcs,42 Pcs,"216636.00"
K004,TM021,Jar Cylinder 300 ml @ 42 Pcs / Ball,,1,Ball,42 Pcs,42 Pcs,"145278.00"
K004,TM023,Jar Cylinder 400 ml @ 40 Pcs / Ball,,1,Ball,40 Pcs,40 Pcs,"150040.00"
K004,TM025,Jar Cylinder Tall 500 ml @ 60 Pcs / Ball + Tutup Hitam,,1,Ball,60 Pcs,60 Pcs,"223000.00"
K004,TM026,Jar Cylinder Tall 750 ml @ 77 Pcs / Ball + Tutup Hitam,,1,Ball,77 Pcs,77 Pcs,"300429.00"
K004,TM028,Jar Cylinder 200 ml @42 Pcs / Ball,,1,Ball,42 Pcs,42 Pcs,"144100.00"
K004,TM029,Jar Cylinder 600 ml @35 Pcs / Ball,,1,Ball,35 Pcs,35 Pcs,"142800.00"
K004,TM032,Jar Cylinder 750 ml @35 Pcs / Ball,,1,Ball,35 Pcs,35 Pcs,"147735.00"
,,,,,,,,
K004,TM027,Jar Cylinder Tall 750 ml @ 81 Pcs / Ball + Tutup Hitam,,1,Ball,81 Pcs,,"292329.00"
,,,,,,,,
K004,TM030,Jar Guci Round 475 ml @ 40 pcs / Ball. Tutup Warna Gold,,1,Ball,40 Pcs,40 Pcs,"143920.00"
K004,TM031,Jar Guci Square 475 ml @ 42 pcs / Ball. Tutup Warna Merah,,1,Ball,42 Pcs,42 Pcs,"151116.00"
K004,TM035,Jar 350 ml SQ + Inner + Tutup Nat,,1,Ball,72 pcs,,"249480.00"
K004,TM036,Jar 430 ml SQ + Inner + Tutup Nat,,1,Ball,80 pcs,,"277200.00"
K004,TM050,Jar Segi Enam 700 ml @ 72 Pcs / Ball,,1,Ball,72 Pcs,72 Pcs,"244656.00"
,,,,,,,,
K004,TM055,Jar Hexa 1000 ml + Cap Hanger. Warna Gold @63 pcs/Ball,,1,Ball,63 Pcs,,"320040.00"
,,,,,,,,
K004,TM060,Jar Madu 250ml @100 Pcs/ Ball,,1,Ball,100Pcs,100Pcs,
,,,,,,,,
K004,BT007,Botol Journal 250 ml @ 100 Pcs / Ball + Tutup Hitam,250 ML,1,Ball,100 Pcs,100 Pcs,175.9
K004,TM007,Botol Jelly 100 ml @ 180 Pcs / Ball ( Tutup Putih ),,1,Ball,180 pcs,180 Pcs,"189000.00"
,,,,,,,,
K004,BP001,Bowl PET GRB-02 + Tutup,,1,Dus,20 pack,,663
K004,BP002,Bowl PET GRB-03 Tanpa Tutup. @ 500 Pcs / Dus,,1,Dus,,500 Pcs,390.37
K004,CU001,Cup Pet 14 Oz (Gosyen),,1,Dus,20 pack,1.000 Pcs,852
K004,CU002,Cup Pet 16 Oz (Gosyen) @ 1.000 Pcs / Dus,,1,Dus,20 pack,1.000 Pcs,"1118750"
K004,CU003,Cup Pet 22 Oz (Gosyen) @ 1.000 Pcs / Dus,,1,Dus,20 Pack,1.000 Pcs,"1228000"
K004,CU006,Cup PET (NB93) 22 Oz Slim @ 1.000 Pcs / Dus,,1,Dus,20 Pack,1.000 Pcs,610
K004,CU007,Cup PET (NB93) 14 oz @ 1.000 pcs / Dus,,1,Dus,20 pack,1.000 Pcs,505
K004,CU008,Cup PET 16 Oz ( G 98.5 ) @ 1.000 Pcs / Dus. ( Promo ),,1,Dus,20 pack,1.000 Pcs,594
K004,CU009,Cup PET (93 NB) 18 oz @ 1000 pcs/Dus,,1,Dus,20 pack,1.000 Pcs,555
K004,CU025,Cup PET (NB93) 8 oz @ 1.000 Pcs / Dus,,1,Dus,,1.000 Pcs,495
K004,CU026,Cup PET (NB93) 8 oz Oval @ 1.000 Pcs / Dus,,1,Dus,,1.000 Pcs,495
K004,CU027,Cup PET 10 oz (78 mm) @1.000 Pcs/Dus,,1,Dus,,1.000 Pcs,100
K004,CU030,Cup PET Oval 14 Oz (NB93) @1000Pcs/Dus,,1,Dus,,1000 pCS,505
K004,CU031,Cup PET Oval 12 Oz (NB93) @1000Pcs/Dus,,1,Dus,,1000 pcs,505
,,,,,,,,
K001,CH001,Cup Holder 4 Cup @300Pcs/Dus,,1,Dus,,300 Pcs,495
,,,,,,,,
K004,LD002,Lid Dome PET 16 Oz / 22 Oz ( Gosyen ) @ 1.000 Pcs / Dus,,1,Dus,20 pack,1.000 Pcs,356.5
K004,LD003,Lid Dome PET ( NB ) 14 / 22 oz @500 pcs / Dus,,1,Dus,10 pack,500 Pcs,165
K004,LD004,Lid Dome PET ( 93NB ) 10.14.18.22 oz @ 1.000 pcs / Dus,,1,Dus,20 pack,1.000 Pcs,250
K004,LI001,Lid Flat PET 14 Oz (Gosyen),,1,Dus,20 pack,1.000 Pcs,300
K004,LI002,Lid Flat PET 16 Oz / 22 Oz @ 1.000 pcs / Dus ( Gosyen ),,1,Dus,20 pack,1.000 Pcs,330.2
K004,LI004,Lid Flat PET (93NB) 10.14.18.22 oz  @ 1.000 pcs / Dus,,1,Dus,20 pack,1.000 Pcs,250
K004,LI005,Lid Flat Cup PET 16 Oz ( G 98.5 ) @ 1.000 Pcs / Dus. ( Promo ),,1,Dus,20 pack,1.000 Pcs,222.75
K004,LI006,Lid Strawless Cup PET (93NB) 10.14.18.22 Oz @ 1.000Pcs/Dus,,1,Dus,,1.000 Pcs,290
K004,LI007,Lid Strawless Cup PET Gpc (C 9.2) @1000Pcs/Dus,,1,Dus,,1000Pcs,355
K004,LI010,Lid inject hitam,,1,Dus,,,
K004,LI011,Lid inject Natural,,1,Dus,,,
K004,LI008,Lid Strawless Eco Cup PP (New) @1000 Pcs/Dus,,1,Dus,,1000 Pcs,318
K004,LI012,Lid PP Inject Sambung Natural @1000pcs/Dus,,1,Dus,,1000pcs,
K004,LI013,Lid PP Inject Sambung Natural @500pcs/Dus,,1,Dus,,500pcs,180
K004,LI014,Lid Dome Cup PET Eco (NB93) 12.14.18.22 Oz 1000Pcs/Dus,,1,Dus,,1000pcs,190
K004,LI015,Lid PP Inject Sambung Warna Hitam @500pcs/Dus,,1,Dus,,500pcs,180
K012,LI016,Lid Strawless Cup PP Starindo @1000Pcs/Dus,,1,Dus,,1.000Pcs,205
K004,LI017,Lid PP Inject Sambung Warna Putih @500pcs/Dus,,1,Dus,,500Pcs,100
K004,LI018,Lid Strawless Cup PET 10 oz (NB78) @1000pcs/Dus,,1,DUS,,1000 Pcs,100
K012,LI019,Lid Strawless 93 SL @1.000 pcs/dus,,1,DUS,,1000 Pcs,210
K004,LT001,Lid Toppo Cup PET (93NB) 10.14.18.22oz @1000Pcs/Dus,,1,Dus,,1.000Pcs,240
,,,,,,,,
K004,CU010,Cup Puding PP + tutup Ã‚Â± 150 ml @ 1000 set / Dus,,1,Dus,20 pack,1.000 Pcs,516
K004,CU011,Cup Puding PP / Sambal  100 ml @ 1000 pcs / Dus,,1,Dus,40 pack,1.000 Pcs,425
K004,CU012,Cup Puding PS Motif Daun 150 ml @ 700 pcs / Dus,,1,Dus,5 pack,700 Pcs,"815625"
K004,CU013,Cup Puding 100 ml @ 2000 Pcs / Dus,,1,Dus,,2000 Pcs,"882263"
K004,CU014,Cup Puding 100ml/ T.Sambung (new)@ 1000 pcs/dus,,1,Dus,20 pack,1.000 Pcs,420
K004,CU015,Cup Puding 35ml/T.Sambung (New)@1200 Pcs/Dus,35 ML,1,Dus,,1200 Pcs,265
K004,CU019,Cup Puding (New) 60 ml @1200 pcs/dus,,1,Dus,24 pack,1200 Pcs,"461805"
,,,,,,,,
K004,HG002,Sarung Tangan Tebal @ 50 Pack / Dus ( LM ). 200 Pcs / Pack,,1,Dus,50 pack,,999.75
K004,HG003,Sarung Tangan 50 Pack / Dus. 100 Pcs / Pack,,1,Dus,50 pack,5.000 Pcs,322
K004,LS001,Kain Lap Reion 152 pack @ 5pcs = 760 pcs / Dus,,1,Dus,152 pack,760 Pcs,"3040000"
K004,LS003,Kain Lap Reion 240 pack @ 3pcs = 720 pcs / Dus,,1,Dus,240 pack,720 Pcs,"2880000"
,,,,,,,,
K007,PB001,Paper Bowl 360 ml @ 500 Pcs / Dus,,1,Dus,20 pack,500 Pcs,294
K007,PB002,Paper Bowl 500 ml @ 500 Pcs / Dus,,1,Dus,20 pack,500 Pcs,378
K007,PB003,Paper Bowl 650 ml @ 500 Pcs / Dus,,1,Dus,20 pack,500 Pcs,472.5
K007,PB004,Paper Bowl 800 ml @ 500 Pcs / Dus,,1,Dus,10 pack,500 Pcs,493.5
K007,PB007,Paper Bowl 360 ml @ 1.000 Pcs / Dus,,1,Dus,10 Pack,1.000 Pcs,588
K007,PB009,Paper Bowl Kraft 650 ml @ 500 Pcs / Dus,,1,Dus,,1000 pcs,460
K007,PB010,Paper Bowl Kraft 800 ml @ 500 Pcs / Dus,,1,Dus,,1000 pcs,480
K007,PB011,Paper Bowl 800 ml (NESTO) @ 500 Pcs / Dus,,1,Dus,,500 Pcs,369
K007,PB012,Paper Bowl 650 ml (NESTO) @ 500 Pcs / Dus,,1,Dus,,500 Pcs,343.2
,,,,,,,,
K007,TP001,Lid Paper Bowl 360 ml @ 500 Pcs / Dus. Warna Natural,,1,Dus,10 pack,500 Pcs,220.5
K007,TP002,Lid Paper Bowl 500 ml @ 500 pcs / Dus. Warna Natural,,1,Dus,10 pack,500 Pcs,241.5
K007,TP003,Lid paper bowl 650 ml @ 500 Pcs / Dus. Warna Bening,,1,Dus,10 pack,500 Pcs,278.25
K007,TP004,Lid paper bowl 800 ml @ 500 Pcs / Dus Warna Natural,,1,Dus,10 pack,500 Pcs,315
K007,TP008,Lid paper bowl 800 ml @ 500 Pcs / Dus Warna Putih Susu,,1,Dus,10 pack,500 Pcs,315
K007,TP009,Lid paper bowl 500 ml @ 500 Pcs / Dus Warna Putih Susu,,1,Dus,10 pack,500 Pcs,241.5
K007,TP010,Lid paper bowl 360 ml @ 500 Pcs / Dus Warna Putih Susu,,1,Dus,10 pack,500 Pcs,220.5
K007,TP007,Lid paper bowl 360 ml @ 1.000 Pcs / Dus. Warna Putih Susu,,1,Dus,20 pack,1.000 Pcs,441
K007,TP012,Lid paper bowl Kraft 650 ml @ 1.000 Pcs / Dus. Warna Natural,,1,Dus,,1.000 Pcs,556
K007,TP013,Lid paper bowl Kraft 800 ml @ 1.000 Pcs / Dus. Warna Natural,,1,Dus,,1.000 Pcs,630
K007,TP014,Lid paper bowl 650 ml & 800 ml (NESTO)  @ 500 Pcs / Dus,,1,Dus,,500 Pcs,224.8
,,,,,,,,
K004,PI002,Pisau Makan Bening @3000 pcs/ Dus,,1,Dus,30 pack,3.000 Pcs,447.54
K004,PI021,Pisau Kue Tart @ 600 Pcs / Dus,,1,Dus,6 Pack,600 Pcs,"325998"
K004,PI022,Pisau Kue Tart @ 1000 Pcs / Dus,,1,Dus,,1000 Pcs,543.33
,,,,,,,,
,,,,,,,,
K004,SD001,Sdt Fleksi. Bks Krts 5x24cm. Pth @500x20 Pak,,1,Dus,20 pack,10.000 Pcs,440.04
K004,SD002,Sdt Fleksi. Bks Krts 5x24cm. Htm @ 500x20 Pak,,1,Dus,20 pack,10.000 Pcs,440.04
K004,SD003,Sedotan Funky - Ulir  6 mm x 24 cm @ 2.500 pcs / Dus,,1,Dus,50 pack,2.500 Pcs,481.5
K004,SD004,Sedotan Funky - Ulir  6 mm x 27 cm @ 1.250 pcs / Dus,,1,Dus,25 pack,1.250 Pcs,379.2
K004,SD007,Sedotan  Sendok berwarna,,1,Dus,10.000 pcs,10.000 Pcs,508.8
K004,SD008,Sedotan Fleksibel  OK warna putih 5 mm Tanpa Bungkus,,1,Dus,10 pack,,214.8
K004,SD009,Sedotan Bubble Bening / Warna Garis 8 mm @ 20 pack / Ball,,1,Ball,20 pack,,156
K004,SD010,Sedotan Bubble bening / Warna Garis 12 mm @ 20 Pack / Ball,,1,Ball,20 pack,,156
K004,SD013,Sedotan Bubble Warna 12 mm x 22 cm @ 10 pack / Ball,,1,Ball,10 pack,2.000 Pcs,175.5
K004,SD014,Sdt Fleksi. Bks Krts 6x24cm. Htm @ 500x16 Pak,,1,Dus,16 pack,8.000 Pcs,379.2
K004,SD015,Sdt Fleksi. Bks Krts 6x24cm. Pth @ 500x16 Pak,,1,Dus,16 pack,8.000 Pcs,379.2
K004,SD016,Sedotan Bubble Hitam 12 x 20 cm. Tanpa Bgks @ 10 Pack / Ball,,1,Ball,10 pack,,212
K004,SD022,Sedotan Fleksibel hitam Sparta,,1,Dus,10 pack,,325.2
K004,SD023,Sedotan Fleksibel Motif  Garis Pink Bungkus Plastik 6 x 24 cm,,1,Dus,40 pack,10.000 Pcs,522
K004,SD024,Sedotan Bubble Warna Mix 12 mm x 21 cm Bgks Plastik @ 8 Pack / Ball,,1,Ball,8 Pack,200 Pcs,"311688"
K004,SD025,Sedotan Bubble Warna Mix 12 mm x 18 cm Bgks Plastik @ 8 Pack / Ball,,1,Ball,8 Pack,200 Pcs,"273312"
K004,SD026,Sedotan Hitam Runcing 6 mm x 20 cm Bgks Plastik @ 10 Pack / Ball,,1,Ball,10 pack,3.000 Pcs,222.3
K004,SD027,Sedotan Bubble Bening 12 mm x 18 cm Bgks Plastik @ 10 Pack / Ball,,1,Ball,10 pack,,170.82
K004,SD028,Sedotan Bubble Bening 12 mm x 18 cm Bgks Plastik @3200/Dus,,1,Dus,,,532.1
K004,SD029,Sedotan Bubble Bening 12 mm x 21 cm Bgks Plastik @ 10 Pack / Ball,,1,Ball,10 pack,1.000 Pcs,160
K004,SD030,Sedotan Bubble Hitam 12 mm x 21 cm Bgks Plastik @ 2500 Pcs / Dus,,1,Dus,25 Pack,2500 Pcs,390
K004,SD040,Sedotan Bubble Hitam 12 x 18 cm. Tanpa Bgks @ 10 Pack / Ball,,1,Ball,10 Pack,,212
K004,SD041,Sedotan bubble hitam bks plastik 12 x 18 cm 3200 Pcs,,1,Ball,,3200 Pcs,532.1
K004,SD043,Sedotan Htm Runcing Bks Plastik 6x20 6000 Pcs/Dus,,1,Dus,,6000 Pcs,365
K004,SD045,Sedotan Htm Runcing Bks Plastik 6x20 10000 Pcs/Dus,,1,Dus,,10000 Pcs,608.3
K004,SD046,Sedotan Runcing Bks Plastik. Bening 6x20 7500 Pcs/Dus,,1,Dus,,7500 Pcs,"456225"
K004,SD042,Sedotan Bening Runcing Bks Plastik 6x20 6000 Pcs/Dus,,1,Dus,20 Pack,6000 Pcs,365
,,,,,,,,
K004,ST001,Stirrer 12 cm,,1,Ball,10 pack,,255
K004,ST002,Stirrer 15 cm,,1,Dus,10 pack,,336.4
,,,,,,,,
K004,SE001,Sendok Puding  kecil bening,,1,Dus,100 pack,10.000 Pcs,550.06
K004,SE003,Sendok Makan bening @ 3.000 Pcs / Dus,,1,Dus,120 pack,3.000 Pcs,447.54
K004,SE004,Sendok Puding  Besar Bening,,1,Dus,160 pack,8.000 Pcs,510.84
K004,SE005,Sendok Makan warna putih @ 3.000 Pcs / Dus,,1,Dus,120 pack,3.000 Pcs,378.75
K004,SE006,Sendok Bebek Bening @ 20 pack x 144 pcs / ball,,1,Ball,20 pack,,168
K004,SE007,Sendok Bebek Cream 20 pack x 144 pcs = 2.880 pcs / ball,,1,Ball,20 pack,,139.8
K004,SE008,Sendok Spork Bgks Plastik Warna Ivory @ 3.000 Pcs / Dus,,1,Dus,,,550
K004,SE009,Sendok Makan Cream @ 3.000 Pcs / Dus,,1,Dus,30 pack,3.000 Pcs,268.75
K004,SE010,Sendok dan Garpu makan Techno Bening,,1,Dus,40 pack,2.000 Pcs,617.76
K004,SE011,Sendok dan Garpu Makan Techno orange,,1,Dus,40 pack,2.000 Pcs,512
K004,SE013,Sendok Teh Putih Susu @ 2.000 Pcs / Ball,,1,Ball,,2.000 Pcs,134.1
K004,SE014,Sendok Puding Besar Warna Putih,,1,Dus,,8.000Pcs,536.4
K004,SE016,Sendok Teh/Puding Besar warna warni @8000Pcs/Dus,,1,Dus,,8.000Pcs,546.5
,,,,,,,,
K004,ST010,Stopper merah,,1,Pack,,,
K004,ST011,stopper putih,,1,Pack,,,
K004,ST012,stopper natural,,1,Pack,,,
,,,,,,,,
K004,GM001,Garpu Makan warna putih @ 3.000 Pcs / Dus,,1,Dus,120 pack,3.000 Pcs,378.75
K004,GM003,Garpu Makan bening @ 3.000 Pcs / Dus,,1,Dus,120 pack,3.000 Pcs,447.54
K004,GM009,Garpu Makan Cream @ 3.000 Pcs / Dus,,1,Dus,30 pack,3.000 Pcs,268.75
,,,,,,,,
K011,TB009,Tray Bento warna Putih @ 200 Set / Dus,,1,Dus,4 pack,200 Pcs,328.34
K011,TB010,Tray Bento warna Hitam @ 200 Set / Dus,,1,Dus,4 pack,200 Pcs,315.44
K011,TB011,Tray Bento warna Pink @ 200 Set / Dus,,1,Dus,4 pack,200 Pcs,328.34
K011,TB012,Tray Bento warna Red Ruby @ 200 Set / Dus,,1,Dus,4 pack,200 Pcs,328.34
K011,TB013,Tray Bento warna Biru @ 200 Set / Dus,,1,Dus,4 pack,200 Pcs,328.34
K011,TB018,Tray Brownies uk S @ 300 Pcs / Dus,,1,Dus,,300 Pcs,305.24
K011,TB020,Tray Brownis uk S @ 200 Set / Dus,,1,Dus,4 pack,200 Pcs,231
K011,TB021,Tray Brownies uk M @ 250 Set / Dus,,1,Dus,10 pack,250 Pcs,392.25
K011,TB023,Tray Brownies uk M @ 200 Set / Dus,,1,Dus,,200 Pcs,313.8
K011,TB022,Tray Brownies uk L @ 200 Set / Dus,,1,Dus,4 pack,200 Pcs,336.18
K011,TB031,Tray Bolu gulung 30 cm @ 200 Pcs / Dus,,1,Dus,2 Pack,200 Pcs,634.48
K011,TB040,Tray Bulat Sekat warna hitam @ 1.000 Pcs / Dus,,1,Dus,20 pack,1.000 Pcs,646.25
K011,TT010,Tray Tumpeng mini 18 cm Tanpa Sekat @ 200 Pcs / Dus,,1,Dus,8 pack,,774.6
K011,TT011,Tray Tumpeng mini 18 cm sekat @ 200 Pcs / Dus,,1,Dus,8 pack,,774.6
K011,TT012,Tray Tumpeng Mini CT 2010. Wrna Ckt. Skt 8 @150Pcs/Dus,,1,Dus,,150 Pcs,582
K011,TS001,Tray Sambal (Tempat sambal) Putih Susu @ 20 Pack / Dus,,1,Dus,20 pack,12.000 Pcs,555
K011,TS002,Tray Es PP ( Snow Ice ) @ 900 Pcs / Dus,,1,Dus,,900 Pcs,"1321600"
K011,TS003,Tray Inner Insert Tray Es @ 900 Pcs / Dus,,1,Dus,,900 Pcs,845.1
K011,TS004,Tray Sambal (Tempat sambal) Bening @ 20 Pack / Dus,,1,Dus,20 pack,12.000 Pcs,508.2
K011,TS005,Tray Sambal Set uk 20 / 30 ml @ 2.000 Pcs / Dus,,1,Dus,,2.000 Pcs,522.5
K011,TPP01,Tray PP P 19.5 x L 13.8 x T 3.6 @ 600 Pcs / Dus,,1,Dus,,600 Pcs,568.35
K011,TL001,Tray LBHX-9 + Lid Warna Hitam @ 600 Pcs/ Dus,,1,Dus,,600 Pcs,900
K011,TSN01,Tray Snack @240 pcs/dus,,1,Dus,,240 Pcs,470
,,,,,,,,
K004,TK001,Tutup Botol Kalle 250 ml warna hitam / putih,250 ml,1,Pack,100 pcs,100 Pcs,
K004,TK002,Tutup2 Botol Kalle 500 ml. Jar 270 ml. Mamory 250 ml,500 ml,1,Dus,,,
K004,TK003,Tutup2 Botol  Jar 150 - 200 ml,,,,,,
K004,TK004,Tutup Botol Eko Cikita ( CK ) 250 ml Warna Putih,,,,,,
K011,TK005,Tutup Tray Bulat Sekat warna hitam @ 1.000 Pcs / Dus,,1,Dus,20 pack,1.000 Pcs,634.5
K004,TK006,Tutup Flip Top 24 Putih. utk Botol 100 ml @ 3.500 Pcs / Dus,,1,Dus,,3.500 Pcs,
K004,TK007,Tutup Flip Top 24 Putih. utk Botol 100 ml @ 1.064 Pcs / Dus,,1,Dus,,1.064 Pcs,
K004,TK008,Tutup Flip Top 18 Natural. utk Botol BR 27 & 60 ml,,15000,Pcs,,15.000 Pcs,945
K004,TK009,Tutup Flip Top 18 Putih. utk Botol BR 27 & 60 ml,,7500,Pcs,,7.500 Pcs,945
K004,TK010,Tutup Flip Top 24 Hitam. utk Botol BR 100 & 250 ml,,1657,Pcs,,1.657 Pcs,"2228"
K004,TK011,Tutup Flip Top 24 Natural.utk Botol BR 100 & 250 ml,,10500,Pcs,,1.0500 Pcs,"1035"
K004,TK012,Tutup Trigger uk 24 Natural,,,,,,"4125"
K011,TK013,Tutup Tray LBHX 09 @ 600 Pcs,,,Dus,,600 Pcs,100
K011,TK014,Tutup Tray Snack @240 pcs/dus,,1,Dus,,240 Pcs,250
K004,TK020,Tutup Botol Kalle Warna Hitam,,,,,,400
K004,TK021,Tutup Botol Kalle Warna Putih,,,,,,400
K004,TK022,Tutup Botol Kalle Warna Hijau,,,,,,400
K004,TK023,Tutup Botol kecap 140 ml @ 400 Pcs / Dus Warna Merah,,,,,,
K004,TK024,Tutup Jar Cylinder Warna Natural,,,,,,
K004,TK025,Tutup Jar Cylinder Warna Putih Susu,,,,,,
K004,TK026,Tutup Jar Cylinder Warna Merah,,,,,,
K004,TK027,Tutup Botol Bumbu Warna Merah + Inner,,,,,,
K004,TK028,Tutup Botol Bumbu Warna Gold + Inner,,,,,,
K004,TK029,Tutup Botol Bumbu Warna Hijau + Inner,,,,,,
K004,TK030,Tutup Botol Bumbu Lubang Kecil .Warna Merah,,5000,Pcs,,5.000 Pcs,
K004,TK031,Tutup Botol Bumbu Lubang Setengah .Warna Merah,,5000,Pcs,,5.000 Pcs,
K004,TK032,Tutup Botol kecap 300 ml @ 111 Pcs / Dus Warna Merah,,,,,,
K004,TK033,Tutup Botol kecap 625 ml @ 136 Pcs / Dus Warna Merah,,,,,,
K004,TK034,Tutup Botol Cimory.Cimory Tall.500ml N30 Putih,,,,,,
K004,TK035,Tutup Botol  ECO CK. KS. jelly. Hitam                ,,,Pcs,,,160
K004,TK036,Tutup Botol Jelly 100 ml. Warna Putih,,,,,,
K004,TK037,Tutup Jar Exclusive 250 ml Warna Putih Susu,,,,,,
K004,TK038,Tutup Botol  ECO CK. KS. jelly. Putih Susu                 ,,,Pcs,,,160
K004,TK039,Tutup Botol Bumbu 340 ml. Warna Merah,,,,,,
K004,TK040,Tutup Botol Bumbu Square 150 ml. Warna Merah,,,,,,
K004,TK041,Tutup Botol Leon ( LN ) 200 ml @ 336 Pcs / Dus,,,,,,
K004,TK042,Tutup Botol SN 30. 500 ml Warna Putih,,,,,,
K004,TK043,Tutup Jar SQ 350ml&430ml + Inner Natural,,,,,,
K004,TK050,Tutup Jar Guci Round 475 ml Warna Gold,,,,,,
K004,TK051,Tutup Jar Guci Square 475 ml Warna Merah,,,,,,
K004,TK052,Tutup Botol Sabun Cair 550 ml Warna Hijau,,,,,,
K004,TK053,Tutup botol syrup Warna putih,,,,,,
K004,TK054,Tutup Jar Cylinder Warna Aluminium silver,,,,,,
K004,TK055,Tutup Botol VL Pendek Warna Putih,,,,,,
K004,TK056,Tutup Jar Hexa + Hanger warna gold,,,,,,
K004,TK057,Tutup Jar Hexa + Hanger warna Merah,,,,,,
K004,TK060,Tutup Jar Segi Enam 700 ml Warna Gold,,,,,,
K004,TK061,Tutup Jar Segi Enam 700 ml Warna Merah,,,,,,
K004,TK062,Tutup Botol Kecap 275ml Warna Merah,,,,,,
K004,TK058,Tutup Jar Cylinder Warna Bening,,,,,,
K004,TK063,Tutup Jar Cylinder Warna Alu RoseGold,,,,,,
K004,TK064,Tutup Botol Kalle Warna Hijau Starbuck,,1,Pcs,,3000 Pcs,
,,,,,,,,
K005,CPL02,Cup Plastik PP 12 Oz. Polos. ( Gosyen Tipis ),,1,Dus,40 pack,2.000 Pcs,408
K005,CPL03,Cup Plastik PP 14 Oz. Polos.( Gosyen Tipis ),,1,Dus,40 pack,2.000 Pcs,408
K005,CPL05,Cup PP GPC 22 Oz @1.000 pcs/Dus,,1,Dus,20 pack,1.000 Pcs,549.3
K005,CPL06,Cup PP 12 oz ( BSM ) @ 2.000 pcs / Dus,,1,Dus,40 pack,2.000 Pcs,"424125"
K005,CPL07,Cup PP 14 oz ( BSM ) @ 2.000 pcs / Dus,,1,Dus,40 pack,2.000 Pcs,"424125"
K005,CPL08,Cup PP 16 oz ( BSM ) @ 2.000 pcs / Dus,,1,Dus,40 pack,2.000 Pcs,"439335"
K005,CPL09,Cup PP U 16 oz  @ 1.000 pcs / Dus ( 7 Gram ),,1,Dus,20 pack,1.000 Pcs,378
K005,CPL10,Cup PP GPC 14 oz @ 1.000 pcs / Dus,,1,Dus,20 pack,1.000 Pcs,419.1
K005,CPL11,Cup PP GPC 16 oz @ 1.000 pcs / Dus,,1,Dus,20 pack,1.000 Pcs,492.5
K005,CPL12,Cup PP GPC 12 oz  @ 1.000 pcs / Dus,,1,Dus,20 pack,1.000 Pcs,410.35
K005,CPL13,Cup PP U 14 oz  @ 1.000 pcs / Dus,,1,Dus,20 pack,1.000 Pcs,378
K005,CPL14,Cup PP U 16 oz  @ 1.000 pcs / Dus ( 8 Gram ),,1,Dus,20 pack,1.000 Pcs,407
K005,CPL15,Cup PP 22 oz (93 NB 10.5 - 11) @ 1.000 pcs / Dus,,1,Dus,,1.000 Pcs,483
K005,CPL16,Cup PP 18  oz (93 NB 8.8  - 9) @ 1.000 pcs / Dus,,1,Dus,,1.000 Pcs,405
K005,CPL17,Cup PP 14  oz (93 NB 7.6  - 8) @ 1.000 pcs / Dus,,1,Dus,,1.000 Pcs,362
K005,CPL18,Cup PP U 22 Oz @1000 pcs / Dus,,1,Dus,20 pack,1.000 Pcs,508
K005,CPL19,Cup PP U 10 Oz @2000 pcs / Dus,,1,Dus,,2.000 Pcs,610
K005,CPL24,Cup PP Injection 400 ml + Lid + stopper,,1,Dus,,500 Pcs,635
K005,CPL25,Cup PP Injection 500 Ml + Lid + stopper,,1,Dus,,500 Pcs,675
K005,CPL26,Cup PP Injection 700 Ml @500 pcs/Dus,,1,Dus,,500 Pcs,892
K005,CPL30,Cup PP Inject Oval 380 Ml @500Pcs/Dus,,1,Dus,,500 Pcs,643
K005,CPL28,Cup PP Injection 400 ml Frosted/Buram  + Lid + stopper,,1,Dus,,500 Pcs,660
K005,CPL31,Cup PP Inject 400 ml @500 pcs/dus,,1,Dus,,500 Pcs,100
K005,CPL32,Cup PP Inject 500 ml @500 pcs/dus,,1,Dus,,500 Pcs,675
K005,CPL33,Cup PP Injection 400 ml warna Hitam @500Pcs/ Dus,,1,Dus,,500 Pcs,660
K005,CPL34,Cup PP Injection 500 ml warna Hitam @500Pcs/Dus,,1,Dus,,500 Pcs,100
,,,,,,,,
K012,CPS01,Cup PP Star 14 Oz 5gr @2000Pcs/Dus,,1,Dus,,2000 Pcs,490
K012,CPS02,Cup PP Star 12 Oz 5Gr @2000Pcs/Dus,,1,Dus,,2000 Pcs,490
K012,CPS03,Cup PP Star 16 Oz 5Gr @2000pcs/Dus,,1,Dus,,2000 Pcs,490
K012,CPS04,Cup PP star 12 Oz (Biasa) 7Gr @1000Pcs/Dus,,1,Dus,,1000 Pcs,350
K012,CPS05,Cup PP Star 14 Oz (Biasa) 7Gr @1000Pcs/Dus,,1,Dus,,1000 Pcs,350
K012,CPS07,Cup PP Star 16 Oz(Biasa) 7Gr @1000Pcs/Dus,,1,Dus,,1000 Pcs,350
K012,CPS08,Cup PP Star 18 Oz(Biasa) 8Gr @1000Pcs/Dus,,1,Dus,,1000 Pcs,395
K012,CPS09,Cup PP Star 22 Oz(Biasa) 9.5Gr @1000PCS/Dus,,1,Dus,,1000 Pcs,480
K012,CPS10,Cup PP Star 14 Oz (Big) 7Gr @1000Pcs/Dus,,1,Dus,,1000 Pcs,350
K012,CPS11,Cup PP Star 12 Oz oval 7Gr @1000Pcs/Dus,,1,Dus,,1000 Pcs,355
K012,CPS12,Cup PP Star 14 Oz oval 8Gr @1000Pcs/Dus,,1,Dus,,1000 Pcs,390
K012,CPS13,Cup PP Star 16 Oz oval 8Gr @1000Pcs/Dus,,1,Dus,,1000 Pcs,390
K012,CPS14,Cup PP Star 18 Oz Oval 8Gr @1000Pcs/Dus,,1,Dus,,1000 Pcs,390
K012,CPS15,Cup PP Star 22 oz Oval (9.5gr) @1000Pcs/Dus,,1,Dus,,1000 Pcs,480
K012,CPS16,Cup PP Star 12 oz Oval 8Gr@1000Pcs/Dus,,1,Dus,,1000 Pcs,100
K004,CPP04,Cup PP 12 oz Oval (7gr) (New) @1000Pcs/Dus,,1,Dus,,1000 Pcs,335
K004,CPP05,Cup PP 14 oz Oval (7gr) (New) @1000Pcs/Dus,,1,Dus,,1000 Pcs,335
K004,CPP01,Cup PP 16 oz Oval (7gr) (New) @1000Pcs/Dus,,1,Dus,,1000 Pcs,335
K004,CPP02,Cup PP 22 oz Oval (9.5gr) (New) @1000Pcs/Dus,,1,Dus,,1000 Pcs,435
K004,CPP03,Cup PP 22 oz Biasa (9.5gr) (New) @1000Pcs/Dus,,1,Dus,,1000 Pcs,430
K004,SB001,Sablon,,1,Dus,,1000 Pcs,350
K004,CDR02,Cup PET 14 Oz Oval Printing D' Raja Coffe 1 Warna,,1,Dus,,1000 Pcs,728
K004,CDR03,Cup PP 16 Oz (G8.2) Gpc. Printing Teduh 1 warna @1.000 Pcs ,,1,Dus,,1000 Pcs,728
K012,CPS17,Cup PP Star 16Oz oval (PB)7Gr @1000Pcs/Dus,,1,Dus,,1000Pcs,332
K012,CPS18,Cup PP Star 22Oz Oval (PB)8gr @1000Pcs/Dus,,1,Dus,,1000Pcs,350
K012,CPS19,Cup PP Star 22Oz(Biasa)(PB)8Gr @1000PCS/Dus,,1,Dus,,1000Pcs,350
,,,,,,,,
K012,PLY01,Cup PP Polycup 12Oz Biasa (7gr) @1000Pcs/Dus,,1,Dus,,1000Pcs,345
K012,PLY02,Cup PP Polycup 14Oz Biasa (7gr) @1000Pcs/Dus,,1,Dus,,1000Pcs,345
K012,PLY03,Cup PP Polycup 16Oz Biasa (8gr) @1000Pcs/Dus,,1,Dus,,1000Pcs,379.1
K012,PLY04,Cup PP Polycup 18Oz Biasa (9.3gr) @1000Pcs/Dus,,1,Dus,,1000Pcs,444.6
K012,PLY05,Cup PP Polycup 22Oz Biasa (9.3gr) @1000Pcs/Dus,,1,Dus,,1000Pcs,444.6
K012,PLY06,Cup PP Polycup 12Oz Oval (7gr) @1000Pcs/Dus,,1,Dus,,1000Pcs,350
K012,PLY07,Cup PP Polycup 14Oz Oval (7gr) @1000Pcs/Dus,,1,Dus,,1000Pcs,350
K012,PLY08,Cup PP Polycup 16Oz Oval (8gr) @1000Pcs/Dus,,1,Dus,,1000Pcs,385
K012,PLY10,Cup PP Polycup 16Oz Biasa (7gr) @1000Pcs/Dus,,1,Dus,,1000Pcs,345
K012,PLY11,Cup PP Polycup 16Oz Biasa (9.3gr) @1000Pc/Dus,,1,Dus,,1000Pcs,433.5
K012,PLY20,Cup PP Polycup 22Oz Oval (9.3gr) @1000Pc/Dus,,1,Dus,,1000Pcs,450
,,,,,,,,
K004,LDP01,Lid Dome Cup PP U 14 & 16 oz @ 1.000 pcs / Dus,,1,Dus,20 pack,1.000 Pcs,175
K004,LDP05,Lid Dome Cup PP 12.14.16 & 22 oz GPC (93) @ 1.000 pcs / Dus,,1,Dus,20 pack,1.000 Pcs,256.8
K004,LDP06,Lid Dome Eco PP (93 NB) @ 2.000 pcs / Dus,,1,Dus,,2.000 Pcs,320.5
K004,LDP07,Lid DOM Eco PP (93 NB) @ 1000 Pcs / Dus,,1,Dus,,1000 Pcs,160.25
K012,LDP08,Lid DOM Cup PP Starindo (DB) @1000 Pcs/ Dus,,1,Dus,,1000 Pcs,215
K004,LFP01,Lid Flat Cup PP U 10.14.16 & 22 oz (BSM) @ 2.000 pcs / Dus,,1,Dus,40 pack,2.000 Pcs,336
K004,LFP02,Lid Flat Cup PP U 10.14.16 & 22 oz (BSM) @ 1.000 pcs / Dus,,1,Dus,20 pack,1.000 Pcs,168
K004,LFP04,Lid Setengah Cup PP ( Lid Strawless ) 12. 14. 16&22 Oz GPC @ 1.000 Pcs / Dus,,1,Dus,20 pack,1.000 Pcs,339
K004,LFP05,Lid Flat Cup PP 12.14.16&22 oz GPC (93) @ 1.000 pcs ,,1,Dus,20 pack,1.000 Pcs,256.8
K004,LFP06,Lid Flat Eco PP (93 NB) @ 1.000 pcs /Dus,,1,Dus,,,160.25
K004,LFP07,Lid Flat Cup PET (NB93) Eco 12.14.18.22 Oz 1000Pcs/Dus,,1,Dus,,1000 Pcs,180
K012,LFP08,Lid Flat 93 FL  @1.000 pcs/dus,,1,Dus,,1000 Pcs,205
K004,LTS01,Lid Tray Bulat Warna Bening @1.000 pcs/Dus,,1,Dus,20 pack,1.000 Pcs,634.5
K004,LFP10,Lid/ Tutup Eco Strawless (GS),,1,Dus,,1.000 Pcs,275.5
,,,,,,,,
K006,MB001,Mika Box Pet GX-1 @ 500 Pcs / Dus,,1,Dus,10 pack,500 Pcs,919.8
K006,MB002,Mika Box Pet GX-1A @ 500 Pcs / Dus,,1,Dus,10 pack,500 Pcs,594.8
K006,MB003,Mika Box Pet GX-2A @ 1.000 Pcs / Dus,,1,Dus,20 pack,1.000 Pcs,674.1
K006,MB004,Mika Box Pet GX-3 @ 2.000 Pcs / Dus,,1,Dus,20 pack,2.000 Pcs,496.5
K006,MB005,Mika Box Pet GX-4 @ 2.000 Pcs / Dus,,1,Dus,20 pack,2.000 Pcs,329.5
K006,MB006,Mika Box Pet GX-5 @ 3.000 Pcs / Dus,,1,Dus,30 pack,3.000 Pcs,362.5
K006,MB007,Mika Box Pet GX-6A,,1,Dus,60 pack,6.000 Pcs,356.1
K006,MB010,Mika Box Pet GX-18 ( Mika dlm Dus ),,1,Dus,8 pack,,315.6
K006,MB011,Mika Box Pet GX-20 ( Mika dlm Dus ),,1,Dus,30 pack,,351.6
K006,MB020,Mika Bolu Kukus Lipat Setengah Type A,,1,Dus,8 pack,,"1260000"
K006,MB021,Mika Bolu Kukus Lipat Setengah Type B,,1,Dus,8 pack,,"1206000"
K006,MB022,Mika Kue Kotak Kancing @ 300 Pcs / Dus,,1,Dus,,300 Pcs,665
K006,MB030,Mika Strawberry,,1,Dus,10 pack,,"1140000"
K006,MB031,Mika Burger ( BX 85 ) @ 1.500 Pcs / Dus,,1,Dus,,1.500 Pcs,753
K006,MB040,Mika Bulat BL 18 @ 300 pcs / Dus,,1,Dus,6 pack,300 Pcs,436.8
K006,MB041,Mika Bulat BL 22 @ 300 pcs / Dus,,1,Dus,6 pack,300 Pcs,557.4
K006,MB042,Mika Buah STR-BR @ 500 Pcs /Dus,,1,Dus,4 pack,500 Pcs,466.6
K006,MB043,Mika Buah STR 250 @ 500 Pcs / Dus,,1,Dus,4 pack,500 Pcs,509.15
K006,MB044,Mika Buah MB 500 @ 500 Pcs / Dus,,1,Dus,2 pack,500 Pcs,"1030000"
K006,MB045,Mika Buah MB 800 @ 300 Pcs / Dus,,1,Dus,2 pack,300 Pcs,750
K006,MB046,Mika BD-20 @ 1500 pcs/Dus,,1,Dus,,1.500 Pcs,"334375"
K006,MB050,Mika Jumbo Sq uk.23 x 23 @ 500 Pcs / Dus,,1,Dus,10 Pack,500 Pcs,806.15
K006,MB012,Mika dlm dus BM 20C @ 1500pcs/Dus,,1,Dus,,1500 Pcs,351.6
K006,MB047,Mika Buah Love 400ml @500pcs/Dus,,1,Dus,,500pcs,264
K006,MB048,Mika Buah Tx 500 @400pcs/Dus,,1,Dus,,400pcs,453.7
K006,MB051,Mika Nasi Sekat 7 (20 x 20) Putih Susu @1500pcs/dus,,1,Dus,,1500pcs,598
K006,MB053,Mika Tumpeng CT 2010 Sekat 8. Warna Cokelat @150Pcs/Dus,,1,Dus,,150 Pcs,582
,,,,,,,,
K006,TW001,Thinwall Rectangular 500 ml @ 500 set / Dus,,1,Dus,20 pack,500 Pcs,569.31
K006,TW002,Thinwall Rectangular 650 ml @ 500 set / Dus,,1,Dus,20 pack,500 Pcs,582.5
K006,TW003,Thinwall Rectangular 750 ml @ 500 set / Dus,,1,Dus,20 pack,500 Pcs,"596588"
K006,TW004,Thinwall Rectangular 1000 ml @ 500 set / Dus,,1,Dus,20 pack,500 Pcs,"631625"
K006,TW005,Thinwall Sekat 3 Bening @ 200 pcs / Dus,,1,Dus,8 pack,200 Pcs,607.25
K006,TW006,Thinwall Rectangular 200 ml @ 500 set / Dus,,1,Dus,,,
,,,,,,,,
K006,TW009,Thinwall Square 1000 ml @ 300 set / Dus,,1,Dus,12 pack,300 Set,"559939"
K006,TW010,Thinwall Square 1000 ml @ 450 set / Dus,,1,Dus,18 pack,450 Set,"839907"
K006,TW012,Thinwall Square 1500 ml @ 300 set / Dus,,1,Dus,12 pack,300 Set,"623766"
K006,TW013,Thinwall Square 2000 ml @ 150 pcs/Dus,,1,Dus,,150 Pcs,467.7
K006,TW015,Thinwall Square 3000 ml @ 150 pcs/Dus,,1,Dus,,150 Pcs,538.8
,,,,,,,,
K006,TW019,Thinwall Bowl 200 ml @ 500 set / Dus,,1,Dus,20 pack,500 Set,"315068"
K006,TW020,Thinwall Bowl 400 ml @ 500 set / Dus,,1,Dus,20 pack,500 Set,"405652"
K006,TW021,Thinwall Bowl 500 ml @ 500 set / Dus,,1,Dus,20 pack,500 Set,430
K006,TW022,Thinwall bowl 750 ml @ 300 pcs / Dus,,1,Dus,12 pack,300 Set,"472442"
K006,TW024,Thinwall Bowl 1.000 ml @ 300 set / Dus,,1,Dus,12 pack,300 Set,486.67
K006,TW025,Thinwall Bowl 1.500 ml @ 300 set / Dus,,1,Dus,,300 Set,"653544"
K006,TW026,Thinwall ROU Bowl 1.000 ml @ 300 Pcs / Dus ( DM ),,1,Dus,12 pack,300 Set,587.5
K006,TW027,Thinwall ROU 650 ml @ 300 Pcs / Dus ( DM ),,1,Dus,12 pack,300 Set,531.25
K006,TW028,Thinwall 450 ml (R) DM @500pcs/Dus,,1,Dus,,500pcs,"391554"
K006,TW030,Thinwall Round 300 ml @ 500 set / Dus,,1,Dus,20 pack,500 Set,357.5
K006,TW031,Thinwall Round 450 ml @ 500 set / Dus,,1,Dus,20 pack,500 Set,430.3
K006,TW035,Thinwall  Req Oval 600 Ml.Hitam 500 Pcs/ Dus,,1,Dus,,500 Pcs,724.5
K006,TW036,Thinwall  Req Oval 750 Ml.Hitam 500 Pcs/ Dus,,1,Dus,,500 Pcs,756
K006,TW037,Thinwall  Req Oval 1000 Ml.Hitam 500 Pcs/ Dus,,1,Dus,,500 Pcs,888.3
,,,,,,,,
K006,TW050,Thinwall Reg Thermoforming 500 ml @ 500 Set / Dus,,1,Dus,10 pack,500 Set,"557438"
K006,TW051,Thinwall Reg Thermoforming 650 ml @ 400 Set / Dus,,1,Dus,8 pack,400 Set,413.55
K006,TW052,Thinwall Reg Thermoforming 750 ml @ 400 Set / Dus,,1,Dus,8 pack,400 Set,"471219"
K006,TW053,Thinwall Reg Thermoforming 1000 ml @ 400 Set / Dus,,1,Dus,8 pack,400 Set,"471219"
,,,,,,,,
K006,TW060,Thinwall Vic Sq 350 ml @ 500 pcs / Dus,,1,Dus,,500 Pcs,"508625"
K006,TW061,Thinwall Vic Sq 500 ml @ 500 pcs / Dus,,1,Dus,,500 Pcs,"545063"
,,,,,,,,
K006,TW080,Thinwall Bowl Thermoforming 500 ml @ 400 Pcs / Dus,,1,Dus,8 pack,400 Set,344.5
K006,TW081,Thinwall Bowl Thermoforming 650 ml @ 400 Pcs / Dus,,1,Dus,8 pack,400 Pcs,"451936"
,,,,,,,,
K006,TW101,Thinwall Bowl 200 ml (Meiji) @500Pcs/Dus,,1,Dus,,500 Pcs,250
K006,TW102,Thinwall Bowl 300 ml. Mdl Round (Meiji) @500Pcs/Dus,,1,Dus,,500 Pcs,270
K006,TW103,Thinwall Bowl 300 ml. Mdl Flat (Meiji) @500Pcs/Dus,,1,Dus,,500 Pcs,270
K006,TW104,Thinwall Bowl 400 ml. Mdl Round (Meiji) @500Pcs/Dus,,1,Dus,,500 Pcs,300
K006,TW105,Thinwall Bowl 450 ml. Mdl Flat (Meiji) @500Pcs/Dus,,1,Dus,,500 Pcs,315
K006,TW106,Thinwall Bowl 500 ml. Mdl Flat (Meiji) @500Pcs/Dus,,1,Dus,,500 Pcs,335
K006,TW107,Thinwall Bowl 650 ml. Mdl Flat (Meiji) @450Pcs/Dus,,1,Dus,,450 Pcs,375
K006,TW108,Thinwall  Bowl 750 ml. Mdl Tall (Meiji) @300Pcs/Dus,,1,Dus,,300 Pcs,260
K006,TW109,Thinwall  Bowl 800 ml. Mdl Flat (Meiji) @450Pcs/Dus,,1,Dus,,450 Pcs,385
K006,TW110,Thinwall Bowl 1000 ml. Mdl Flat (Meiji) @450Pcs/Dus,,1,Dus,,450 Pcs,400
,,,,,,,,
K006,TW121,Thinwall Req 500 ml (Meiji) @500Pcs/Dus,,1,Dus,,500 Pcs,440
K006,TW122,Thinwall Req 650 ml (Meiji) @500Pcs/Dus,,1,Dus,,500 Pcs,460
K006,TW123,Thinwall Req 800 ml (Meiji) @500Pcs/Dus,,1,Dus,,500 Pcs,480
K006,TW124,Thinwall Req 1000 ml (Meiji) @500Pcs/Dus,,1,Dus,,500 Pcs,515
,,,,,,,,
K006,TW131,Thinwall Square 1000 ml (Meiji) @150Pcs/Dus,,1,Dus,,150 Pcs,220
K006,TW132,Thinwall Square 1500 ml (Meiji) @150Pcs/Dus,,1,Dus,,150 Pcs,245
K006,TW133,Thinwall Square 2000 ml (Meiji) @150Pcs/Dus,,1,Dus,,150 Pcs,360
K006,TW134,Thinwall Square 3000 ml (Meiji) @150Pcs/Dus,,1,Dus,,150 Pcs,420
,,,,,,,,
K006,TW141,Thinwall Sekat 3 (Meiji) @150Pcs/Dus,,1,Dus,,150 Pcs,315
K006,TW142,Thinwall Sekat 4 (Meiji) @150Pcs/Dus,,1,Dus,,150 Pcs,325
K006,TW143,Thinwall Sauce 25 ml. Mdl Fliptop (Meiji) @1200Pcs/Dus,,1,Dus,,1200 Pcs,170
K006,TW144,Thinwall Sauce 50 ml. Mdl Fliptop (Meiji) @600Pcs/Dus,,1,Dus,,600 Pcs,160
K006,TW145,Thinwall Sauce 100 ml (Meiji) @600Pcs/Dus,,1,Dus,,600 Pcs,220
K006,TW146,Thinwall Sauce 150 ml (Meiji) @600Pcs/Dus,,1,Dus,,600 Pcs,250
K006,TW147,Thinwall Sauce 200 ml (Meiji) @600Pcs/Dus,,1,Dus,,600 Pcs,280
,,,,,,,,
K007,PL001,Paper Lunch Box ukuran : M @ 500 pcs/Dus,,1,Dus,5 pack,500 Pcs,585
K007,PL002,Paper Lunch Box ukuran : L  @ 500 pcs / Dus,,1,Dus,5 pack,500 pcs,656
K007,PL003,Paper Lunch Box sekat 4 @ 600 pcs / Dus,,1,Dus,6 pack,600 Pcs,"1585200"
K007,PL004,Food Pail 10 Polos @ 1.000 pcs / Dus,,1,Dus,20 Pack,1.000 pcs,"1074000"
K007,PL005,Paper Lunch Box Uk M @ 600 Pcs / Dus,,1,Dus,6 pack,600 Pcs,702
K007,PL006,Paper Lunch Box Uk L @ 600 Pcs / Dus,,1,Dus,6 pack,600 Pcs,787.2
K007,PL007,Paper Lunch Box Uk S @ 600 Pcs / Dus,,1,Dus,6 pack,600 Pcs,539.5
K007,PL008,Paper Lunch Box Uk S @ 1.000 Pcs / Dus,,1,Dus,,1.000 Pcs,962
K007,PT001,Paper Tray ukuran : M @ 500 Pcs / Dus,,1,Dus,10 pack,500 pcs,345
K007,PT002,Paper Tray ukuran : L @ 500 Pcs / Dus,,1,Dus,10 pack,500 pcs,381
K007,PT011,Paper Tray Kraft Ukuran : M @100 Pcs / Dus,,1,Pack,,100 Pcs,53.5
K007,PL010,Paper Lunch Box Kraft Uk S @ 100 Pcs / Pack,,1,Pack,1 Pack,100 Pcs,"70875"
K007,PL011,Paper Lunch Box Kraft Uk M @ 100 Pcs / Pack,,1,Pack,1 Pack,100 Pcs,79.2
K007,PL012,Paper Lunch Box Kraft Uk L @ 100 Pcs / Pack,,1,Pack,1 Pack,100 Pcs,86.25
K007,PL015,Paper Snack Box Kraft @ 100 Pcs / Pack,,1,Pack,1 Pack,100 Pcs,87.4
K007,PL016,"Paper Snack Box ""S"" Kraft @100Pcs/Pack",,1,Pack,1 Pack,100 Pcs,84.55
K007,PL020,Box Kraft Laminasi Uk.20x20x7.5cm. @500Pcs/Dus,,1,Dus,,,"15288"
K007,PL025,Paper Lunch Box Kraft Sq Uk S @1000 Pcs/Dus,,1,Dus,,1000 Pcs,728.75
K007,DP001,Dolly Paper 5.5 ( 140 mm ) @ 8 Pack / Dus,,1,Dus,8 Pack,,"215625"
,,,,,,,,
K007,FP001,Food Pail Kecil (8 x 6.5 x 8cm) @500 Pcs/Dus,,1,Dus,,500 Pcs,580
,,,,,,,,
K008,PH001,Plastik T Srikaya Putih Bening,,1,Ikat,5 pack,,"101852"
K008,PH002,Plastik HD 10 Pandu warna - Warni utk 1 Cup ( kresek ),,1,Ikat,5 pack,,"22536"
K008,PH003,Plastik HD 10 Pandu warna Putih Bening utk 2 Cup( kresek ),,1,Ikat,5 pack,,"22536"
K008,PK004,Plastik Klip 12 x 20 cm Pakai Bingkai @ 50 pcs / Pack,10 Pack,1,Pack,50 pcs,50 Pcs,"168781"
K008,PK002,Plastik Klip 14 x 22 cm Pakai Bingkai @ 50 pcs / Pack,10 Pack,1,Pack,50 pcs,50 Pcs,"218281"
K008,PK003,Plastik Klip 16 x 24 cm Pakai Bingkai @ 50 pcs / Pack,,1,Pack,50 pcs,50 Pcs,54.1
K008,PP001,Plastik OPP uk 5 x 25 cm @ 1.000 pcs / pack,,1,Pack,1000 pcs,1.000 Pcs,126
K008,PP002,Plastik Kopi Standing Pouch 16 x 23 cm ( Tipis ),,1,Ikat,25 pcs,25 Pcs,86.25
K008,PP003,Plastik Kopi Standing Pouch 16 x 23 cm ( Tebal ),,1,Ikat,25 pcs,25 Pcs,96.25
,,,,,,,,
K009,TG001,Tusuk Gigi Ion bgks kertas @ 25.000 Pcs / Dus,,1,Dus,50 pack,25.000 Pcs,690
,,,,,,,,
K010,PP09,Piring Plastik ukuran P6 IBC. @ 2.000 Pcs / Dus,,1,Dus,,2000 Pcs,399.6
K010,PP10,Piring Plastik ukuran P6. @ 1.000 Pcs / Dus,,1,Dus,20 pack,1.000 Pcs,228
K010,PP11,Piring Plastik ukuran P7 (Techno) @ 1.000 Pcs / Dus,,1,Dus,20 pack,1.000 Pcs,350
K010,PP12,Piring Plastik Uk P9 (Techno) @500 PCS/Dus warna putih,,1,Dus,,500 Pcs,350
K010,PP13,Piring Plastik Putih Uk P9 @500 Pcs/Dus,,1,Dus,,500 Pcs,346.8
,,,,,,,,
K010,MP7,Mangkok M7. @ 800 Pcs / Dus,,1,Dus,16 pack,800 Pcs,354
K010,MP8,Mangkok Set MB 100 @ 500 Pcs / Dus,,1,Dus,10 pack,500 Pcs,"629375"
K010,MP9,Mangkok Putih MK 7 B @ 1.000 Pcs / Dus,,1,Dus,20 pack,1.000 Pcs,542.9
K010,MP11,Mangkok M6 IBC. @ 2.000 Pcs / Dus,,1,Dus,40 Pack,2.000 Pcs,591.25
K010,MP12,Mangkok M7 IBC @ 1000 Pcs / Dus,,1,Dus,,1000 Pcs,399.6
K010,MP13,Mangkok MK 7 (Techno) @400pcs/dus,,1,Dus,,400 Pcs,160
K010,MP14,Mangkok MK 6 (Techno) @1000pcs/dus,,1,Dus,,1000 Pcs,296
,,,,,,,,
K010,TC02,Celemek Plastik @ 40 Pack / Dus. 25 Pcs / Pack,,1,Dus,40 Pack,1.000 Pcs,"2288000"
,,,,,,,,
K011,PLT04,Pump Lotion 24/410. Putih @ 1.040 Pcs / Dus ( BR250 ),,,,,1.040 Pcs,
K011,PLT05,Pump Lotion 28/410. Putih ( HS 500 ),,,,,,"4582"
K011,PLT07,Press Cap 24/410. Natural ( 100 & 250 ml ),,,,,,"1035"
K011,PLT08,Pump Lotion 24/410. Putih (100 & 250 ml ) ,,,,,,"4125"
K011,SP010,Sprayer 18/410. Hitam Natural ( 27 & 60 ml ),,1500,Pcs,,1500 Pcs,"1251"
K011,SP012,Sprayer 18/410. Hijau ( 27 & 60 ml),,5932,Pcs,,5932 Pcs,"2266"
K011,SP013,Sprayer 24/410. Natural / Orange ( 100 & 250 ml ),,,,,,
K011,SP014,Sprayer 24/410. Warna Putih ( 100 & 250 ml ),,1,Pcs,,12000,"1464"
K011,SP015,Sprayer 18/410. Warna Putih ( 27 & 60 ml ),,1,Pcs,,,
,,,,,,,,
K007,PB005,Paper Bowl Plain 800 ml @ 500 Pcs / Dus ( Yess 248 ),,1,Dus,,500 Pcs,603
K007,TP005,Lid Paper Bowl 800 ml @ 1.000 Pcs / Dus ( Yess 248 ),,1,Dus,,1.000 pcs,709.2
K007,TP006,Inner Paper Bowl Polos 800 ml @ 1.000 Pcs / Dus ( Yess 248 ),,1,Dus,,1.000 pcs,678
,,,,,,,,
K013,SCP01,Seal Cup Polos 500 M @ 6 Rol / Dus,,1,Dus,,210.000 / Roll,"1222000"
K013,SCP03,Seal Cup Pop Ice Polos 1.400 Cup @ 12 Roll / Dus,,1,Dus,,,785.2
K013,SCP04,Seal Cup Pop Ice Motif Buah 1.200,,1,Dus,,,685.1
K013,SCP05,Seal Polos Sensor uk. 1200 Cup (1 dus = 12 Roll),,1,Dus,,12 Roll,685.1
K013,SCP06,Seal Cup Polos Uk 250 M @12 roll/Dus,,1,Dus,,12 Roll,"1230000"
K013,SCP07,Seal Cup Bermotif 1.400 @ Roll / Dus,,1,Dus,,12 Roll,785.2
K013,SCP08,Seal Jar (87 mm) @100/pack,,1,Dus,,25 Pack,65
,,,,,,,,
K014,TPS01,Toples Persegi Empat (PS 318 )  @ 12 Pcs / Dus,,1,Dus,,12 Pcs,72
K014,TPS02,Toples Bulat Besar ( PS 988 )  @ 12 Pcs / Dus,,1,Dus,,12 Pcs,78.75
K014,TPS03,Toples Bulat Kecil ( PS 317 ) @ 12 Pcs / Dus,,1,Dus,,12 Pcs,65
K014,TPS04,Toples Tabung Kecil ( PS 319 ) @ 12 Pcs / Dus,,1,Dus,,12 Pcs,"61875"
K014,TPS05,Toples Persegi Panjang (398 ) @ 12 Pcs / Dus,,1,Dus,,12 Pcs,72
K014,TPS06,Toples Drat PET 800 ml @ 12 Pcs / Dus,,1,Dus,,12 Pcs,71.28
K014,TPS07,Toples Drat PET 900 ml @12 / Dus,,1,Dus,,12 pcs,72.6
K014,TPS08,Toples Ketupat 500 ml @12 / Dus,,1,Dus,,12 pcs,74.1
K014,TPS09,Toples Persegi Panjang (SPR 3311) @ 12 Pcs / Dus  [1 4 X 7 X 7],,1,Dus,,12pcs,73.5
K014,TPS10,Toples Sekat 2 (SPR 6618)  @ 12 Pcs / Dus  [17.7 X 7.7 X 5],,1,Dus,,12pcs,76.2
K014,TPS11,Toples Sekat 3 (SPR 7738) @ 12 Pcs / Dus [19.2 X 10.3 X 5],,1,Dus,,12pcs,96.7
,,,,,,,,
K013,LB001,Lakban trans  45x90x43 (Hijau) @72 Roll/Dus,,1,Dus,,72 Roll,544.32
K013,LB002,Lakban trans  45x90x45 (Merah) @72 Roll/Dus,,1,Dus,,72 Roll,540
K013,LB005,Lakban Trans Matstone 45x90x45 @72 Roll/Dus,,1,Dus,,72 Roll,540
K013,LB007,Lakban Fragile 48x50x45 @72 Roll/Dus,,1,Dus,,72 Roll,"558691"
K013,LB008,Lakban Matstone(Coklat)45x90x45 @72 Roll/Dus,,1,Dus,,72 Roll,540
,,,,,,,,
K013,IS001,Isolasi Taruna 1 Inch x 65 yard @144 Roll/Dus,,1,dus,,144 Roll,384.3
K013,IS002,Isolasi Taruna 1/2 Inch x 65 yard @288 Roll/Dus,,1,dus,,288 roll,384.3
K013,IS003,Isolasi Matstone 1/2 Inch x 72 yard @288 Pcs/dus,,1,dus,,288 Pcs,450
K013,IS004,Isolasi Matstone 1 Inch x 72 yard @144 Pcs/dus,,1,dus,,144 Pcs,100
